,Rep_House_Prop,Year,State
0,0.6875,1986,Alaska
1,0.6428571428571429,1990,Alaska
2,0.45,1994,Alaska
3,0.6111111111111112,1998,Alaska
4,0.6,2002,Alaska
5,0.6666666666666666,2006,Alaska
6,0.6666666666666666,2010,Alaska
7,0.55,2014,Alaska
8,0.5,2018,Alaska
