,Rep_House_Prop,Year,State
0,0.6666666666666666,1986,Alaska
1,0.6666666666666666,1990,Alaska
2,0.5,1994,Alaska
3,0.6666666666666666,1998,Alaska
4,0.6666666666666666,2002,Alaska
5,0.5555555555555556,2006,Alaska
6,0.6666666666666666,2010,Alaska
7,,2014,Alaska
8,0.4864864864864865,2018,Alaska
