,Rep_House_Prop,Year,State
0,0.4744525547445255,1986,Arizona
1,0.46715328467153283,1990,Arizona
2,0.5714285714285714,1994,Arizona
3,0.48366013071895425,1998,Arizona
4,0.4591194968553459,2002,Arizona
5,0.4166666666666667,2006,Arizona
6,0.5333333333333333,2010,Arizona
7,0.6666666666666666,2014,Arizona
8,0.6,2018,Arizona
