,Rep_House_Prop,Year,State
0,0.4166666666666667,1986,Arkansas
1,0.46153846153846156,1990,Arkansas
2,0.6666666666666666,1994,Arkansas
3,0.5,1998,Arkansas
4,0.4,2002,Arkansas
5,0.56,2006,Arkansas
6,0.5185185185185185,2010,Arkansas
7,0.6842105263157895,2014,Arkansas
8,,2018,Arkansas
