,Rep_House_Prop,Year,State
0,0.5238095238095238,1986,Colorado
1,0.5263157894736842,1990,Colorado
2,0.5,1994,Colorado
3,0.55,1998,Colorado
4,0.5909090909090909,2002,Colorado
5,0.43790849673202614,2006,Colorado
6,0.4591194968553459,2010,Colorado
7,0.48148148148148145,2014,Colorado
8,0.6666666666666666,2018,Colorado
