,Rep_House_Prop,Year,State
0,0.5,1986,Connecticut
1,0.5,1990,Connecticut
2,0.484472049689441,1994,Connecticut
3,0.42105263157894735,1998,Connecticut
4,0.47058823529411764,2002,Connecticut
5,0.5,2006,Connecticut
6,0.4782608695652174,2010,Connecticut
7,0.7692307692307693,2014,Connecticut
8,0.4642857142857143,2018,Connecticut
