,Rep_House_Prop,Year,State
0,0.3333333333333333,1986,Delaware
1,0.3333333333333333,1990,Delaware
2,0.5882352941176471,1994,Delaware
3,0.6666666666666666,1998,Delaware
4,0.6666666666666666,2002,Delaware
5,0.47058823529411764,2006,Delaware
6,0.3333333333333333,2010,Delaware
7,0.3875,2014,Delaware
8,0.6666666666666666,2018,Delaware
