,Rep_House_Prop,Year,State
0,0.42857142857142855,1986,Florida
1,0.5471698113207547,1990,Florida
2,0.5,1994,Florida
3,0.6274509803921569,1998,Florida
4,0.5942028985507246,2002,Florida
5,0.6666666666666666,2006,Florida
6,0.5,2010,Florida
7,0.5454545454545454,2014,Florida
8,0.37267080745341613,2018,Florida
