,Rep_House_Prop,Year,State
0,0.47368421052631576,1986,Florida
1,0.5,1990,Florida
2,0.6470588235294118,1994,Florida
3,0.6,1998,Florida
4,0.6470588235294118,2002,Florida
5,0.5384615384615384,2006,Florida
6,0.6666666666666666,2010,Florida
7,0.5925925925925926,2014,Florida
8,0.43859649122807015,2018,Florida
