,Rep_House_Prop,Year,State
0,0.5714285714285714,1986,Georgia
1,0.42857142857142855,1990,Georgia
2,0.5,1994,Georgia
3,0.3333333333333333,1998,Georgia
4,0.2857142857142857,2002,Georgia
5,0.4411764705882353,2006,Georgia
6,0.6666666666666666,2010,Georgia
7,0.6666666666666666,2014,Georgia
8,0.5,2018,Georgia
