,Rep_House_Prop,Year,State
0,0.21428571428571427,1986,Hawaii
1,0.25,1990,Hawaii
2,0.5,1994,Hawaii
3,0.25,1998,Hawaii
4,0.16666666666666666,2002,Hawaii
5,0.34782608695652173,2006,Hawaii
6,0.4,2010,Hawaii
7,0.65,2014,Hawaii
8,0.6111111111111112,2018,Hawaii
