,Rep_House_Prop,Year,State
0,0.42857142857142855,1986,Hawaii
1,0.375,1990,Hawaii
2,0.6065573770491803,1994,Hawaii
3,0.3333333333333333,1998,Hawaii
4,0.3333333333333333,2002,Hawaii
5,0.48717948717948717,2006,Hawaii
6,0.5789473684210527,2010,Hawaii
7,0.3333333333333333,2014,Hawaii
8,0.3125,2018,Hawaii
