,Rep_House_Prop,Year,State
0,0.5,1986,Idaho
1,0.42857142857142855,1990,Idaho
2,0.5,1994,Idaho
3,0.7142857142857143,1998,Idaho
4,0.6666666666666666,2002,Idaho
5,0.2857142857142857,2006,Idaho
6,0.42857142857142855,2010,Idaho
7,0.5657894736842105,2014,Idaho
8,0.3333333333333333,2018,Idaho
