,Rep_House_Prop,Year,State
0,0.4838709677419355,1986,Indiana
1,0.41935483870967744,1990,Indiana
2,0.5714285714285714,1994,Indiana
3,0.5161290322580645,1998,Indiana
4,0.5666666666666667,2002,Indiana
5,0.4827586206896552,2006,Indiana
6,0.5,2010,Indiana
7,0.2857142857142857,2014,Indiana
8,0.5609756097560976,2018,Indiana
