,Rep_House_Prop,Year,State
0,0.6666666666666666,1986,Iowa
1,0.625,1990,Iowa
2,0.6,1994,Iowa
3,0.6666666666666666,1998,Iowa
4,0.7142857142857143,2002,Iowa
5,0.6,2006,Iowa
6,0.5,2010,Iowa
7,0.75,2014,Iowa
8,0.5833333333333334,2018,Iowa
