,Rep_House_Prop,Year,State
0,0.5555555555555556,1986,Kansas
1,0.625,1990,Kansas
2,0.5714285714285714,1994,Kansas
3,0.6,1998,Kansas
4,0.5555555555555556,2002,Kansas
5,0.4473684210526316,2006,Kansas
6,0.475,2010,Kansas
7,0.5384615384615384,2014,Kansas
8,0.6666666666666666,2018,Kansas
