,Rep_House_Prop,Year,State
0,0.3333333333333333,1986,Louisiana
1,0.3870967741935484,1990,Louisiana
2,0.5714285714285714,1994,Louisiana
3,0.6666666666666666,1998,Louisiana
4,0.5909090909090909,2002,Louisiana
5,0.5555555555555556,2006,Louisiana
6,0.5555555555555556,2010,Louisiana
7,0.5714285714285714,2014,Louisiana
8,0.6206896551724138,2018,Louisiana
