,Rep_House_Prop,Year,State
0,0.21428571428571427,1986,Massachusetts
1,0.25,1990,Massachusetts
2,0.5,1994,Massachusetts
3,0.25,1998,Massachusetts
4,0.16666666666666666,2002,Massachusetts
5,0.34782608695652173,2006,Massachusetts
6,0.4,2010,Massachusetts
7,0.65,2014,Massachusetts
8,0.6111111111111112,2018,Massachusetts
