,Rep_House_Prop,Year,State
0,0.4727272727272727,1986,Michigan
1,0.45454545454545453,1990,Michigan
2,0.5,1994,Michigan
3,0.46808510638297873,1998,Michigan
4,0.46,2002,Michigan
5,0.13043478260869565,2006,Michigan
6,0.3,2010,Michigan
7,0.42857142857142855,2014,Michigan
8,0.4583333333333333,2018,Michigan
