,Rep_House_Prop,Year,State
0,1.0,1986,Minnesota
1,0.6666666666666666,1990,Minnesota
2,0.45555555555555555,1994,Minnesota
3,1.0,1998,Minnesota
4,1.0,2002,Minnesota
5,0.5555555555555556,2006,Minnesota
6,0.5555555555555556,2010,Minnesota
7,0.6153846153846154,2014,Minnesota
8,0.75,2018,Minnesota
