,Rep_House_Prop,Year,State
0,0.4583333333333333,1986,Mississippi
1,0.4583333333333333,1990,Mississippi
2,1.0,1994,Mississippi
3,0.5,1998,Mississippi
4,0.4444444444444444,2002,Mississippi
5,0.6,2006,Mississippi
6,0.5428571428571428,2010,Mississippi
7,0.6153846153846154,2014,Mississippi
8,0.5486725663716814,2018,Mississippi
