,Rep_House_Prop,Year,State
0,0.4444444444444444,1986,Missouri
1,0.5,1990,Missouri
2,0.4230769230769231,1994,Missouri
3,0.48148148148148145,1998,Missouri
4,0.5185185185185185,2002,Missouri
5,0.5454545454545454,2006,Missouri
6,0.5,2010,Missouri
7,0.5531914893617021,2014,Missouri
8,0.2,2018,Missouri
