,Rep_House_Prop,Year,State
0,0.6666666666666666,1986,Nebraska
1,0.6,1990,Nebraska
2,0.42857142857142855,1994,Nebraska
3,0.7777777777777778,1998,Nebraska
4,0.8571428571428571,2002,Nebraska
5,0.6666666666666666,2006,Nebraska
6,0.6666666666666666,2010,Nebraska
7,0.5454545454545454,2014,Nebraska
8,0.4482758620689655,2018,Nebraska
