,Rep_House_Prop,Year,State
0,0.42857142857142855,1986,Nevada
1,0.5,1990,Nevada
2,0.3333333333333333,1994,Nevada
3,0.6666666666666666,1998,Nevada
4,0.5555555555555556,2002,Nevada
5,0.7,2006,Nevada
6,0.6666666666666666,2010,Nevada
7,0.5833333333333334,2014,Nevada
8,0.5833333333333334,2018,Nevada
