,Rep_House_Prop,Year,State
0,0.4634146341463415,1986,New Jersey
1,0.4523809523809524,1990,New Jersey
2,0.5714285714285714,1994,New Jersey
3,0.5,1998,New Jersey
4,0.475,2002,New Jersey
5,0.5,2006,New Jersey
6,0.5,2010,New Jersey
7,0.6,2014,New Jersey
8,0.6666666666666666,2018,New Jersey
