,Rep_House_Prop,Year,State
0,0.4444444444444444,1986,New York
1,0.4583333333333333,1990,New York
2,0.5238095238095238,1994,New York
3,0.46808510638297873,1998,New York
4,0.4482758620689655,2002,New York
5,0.5555555555555556,2006,New York
6,0.4,2010,New York
7,0.42857142857142855,2014,New York
8,0.35714285714285715,2018,New York
