,Rep_House_Prop,Year,State
0,0.4375,1986,Oregon
1,0.4,1990,Oregon
2,0.5517241379310345,1994,Oregon
3,0.375,1998,Oregon
4,0.4,2002,Oregon
5,0.625,2006,Oregon
6,0.7142857142857143,2010,Oregon
7,0.6666666666666666,2014,Oregon
8,0.6153846153846154,2018,Oregon
