,Rep_House_Prop,Year,State
0,0.5,1986,Rhode Island
1,0.5714285714285714,1990,Rhode Island
2,0.47058823529411764,1994,Rhode Island
3,0.3333333333333333,1998,Rhode Island
4,0.3333333333333333,2002,Rhode Island
5,0.4915254237288136,2006,Rhode Island
6,0.4918032786885246,2010,Rhode Island
7,0.7333333333333333,2014,Rhode Island
8,0.5918367346938775,2018,Rhode Island
