,Rep_House_Prop,Year,State
0,1.0,1986,Vermont
1,0.6666666666666666,1990,Vermont
2,0.45555555555555555,1994,Vermont
3,1.0,1998,Vermont
4,1.0,2002,Vermont
5,0.5555555555555556,2006,Vermont
6,0.5555555555555556,2010,Vermont
7,0.6153846153846154,2014,Vermont
8,0.75,2018,Vermont
