,Rep_House_Prop,Year,State
0,0.2727272727272727,1986,West Virginia
1,0.2727272727272727,1990,West Virginia
2,0.5161290322580645,1994,West Virginia
3,0.14285714285714285,1998,West Virginia
4,0.375,2002,West Virginia
5,0.4444444444444444,2006,West Virginia
6,0.4444444444444444,2010,West Virginia
7,0.3333333333333333,2014,West Virginia
8,0.6153846153846154,2018,West Virginia
