,Rep_House_Prop,Year,State
0,0.6666666666666666,1986,Wyoming
1,0.6666666666666666,1990,Wyoming
2,0.3333333333333333,1994,Wyoming
3,0.6666666666666666,1998,Wyoming
4,0.6666666666666666,2002,Wyoming
5,0.5,2006,Wyoming
6,0.5,2010,Wyoming
7,0.5161290322580645,2014,Wyoming
8,0.5135135135135135,2018,Wyoming
